日期,標的,中文名,週期,方向,指標,前高/低,現價,價變化%,指標變化%,強度,lookback,tag,DIF變化%,J變化%,DIF有冇,J有冇,共振
2026-10-08,NQ=F,納斯達克100期貨,M,頂,,30523.5,30698.75,0.57,,中,long,新高,-7.58,-12.94,有,有,雙指標
2026-10-08,ES=F,標普500期貨,W,頂,,7805.0,7777.25,-0.36,,強,long,雙頂,-27.14,-12.66,有,有,雙指標
2026-10-08,^VIX,恐慌指數,M,頂,,16.45,16.34,-0.67,,強,short,雙頂,-171.75,-53.3,有,有,雙指標
2026-10-08,CL=F,原油期貨,W,底,,91.48,91.11,-0.4,,強,short,新低,102.19,,有,冇,單指標
2026-10-08,DX-Y.NYB,美元指數,W,頂,,101.47,101.93,0.45,,中,long,新高,-34.2,,有,冇,單指標
2026-10-08,IGV,軟件服務ETF,W,頂,,109.5,108.43,-0.98,,強,long,雙頂,-8.84,-21.36,有,有,雙指標
2026-10-08,XLC,通訊服務ETF,M,頂,,111.09,110.97,-0.11,,弱,short,雙頂,-6.87,,有,冇,單指標
2026-10-08,XLC,通訊服務ETF,W,底,,110.45,110.32,-0.11,,中,short,新低,20.48,,有,冇,單指標
2026-10-08,XLF,金融板塊ETF,M,底,,53.42,53.4,-0.04,,強,short,新低,25.03,35.76,有,有,雙指標
2026-10-08,XLI,工業板塊ETF,W,底,,169.29,169.95,0.39,,強,long,雙底,,133.86,冇,有,單指標
2026-10-08,XLU,公用事業ETF,W,底,,39.51,39.83,0.81,,強,long,雙底,,144.08,冇,有,單指標
2026-10-08,NQ=F,納斯達克100期貨,D,頂,,31483.25,31395.75,-0.28,,弱,long,雙頂,,-6.9,冇,有,單指標
2026-10-08,NQ=F,納斯達克100期貨,4H,頂,,31430.0,31395.75,-0.11,,弱,short,雙頂,-18.55,,有,冇,單指標
2026-10-08,ES=F,標普500期貨,4H,頂,,7852.75,7850.5,-0.03,,中,short,雙頂,-21.2,,有,冇,單指標
2026-10-08,ES=F,標普500期貨,4H,底,,7843.5,7850.5,0.09,,強,short,雙底,,113.95,冇,有,單指標
2026-10-08,YM=F,道瓊斯工業期貨,D,底,,51241.0,51380.0,0.27,,強,long,雙底,28.17,624.84,有,有,雙指標
2026-10-08,YM=F,道瓊斯工業期貨,4H,頂,,51467.0,51380.0,-0.17,,強,short,雙頂,-442.5,,有,冇,單指標
2026-10-08,YM=F,道瓊斯工業期貨,4H,底,,51395.0,51380.0,-0.03,,弱,long,新低,,13.37,冇,有,單指標
2026-10-08,GC=F,黃金期貨,D,底,,4140.7,4155.3,0.35,,強,long,雙底,,50.23,冇,有,單指標
2026-10-08,DX-Y.NYB,美元指數,D,底,,101.83,102.26,0.42,,中,short,雙底,,23.16,冇,有,單指標
2026-10-08,DX-Y.NYB,美元指數,4H,頂,,102.5,102.26,-0.24,,強,long,雙頂,-51.31,-10.39,有,有,雙指標
2026-10-08,XLC,通訊服務ETF,4H,底,,111.08,111.3,0.19,,弱,short,雙底,10.29,,有,冇,單指標
2026-10-08,XLV,醫療保健ETF,D,頂,,168.42,168.81,0.23,,強,short,新高,-142.45,-27.01,有,有,雙指標
2026-10-08,XLU,公用事業ETF,4H,頂,,41.21,41.17,-0.1,,弱,long,雙頂,,-6.43,冇,有,單指標
